Date,Brent_Crude_GBP,WTI_Crude_GBP,GBP Curncy,GBPEUR Curncy,UKX Index,SPX Index,SX5E Index,Natural_Gas,CPI,RPI,GBP_IRS_2y,GBP_IRS_10y,Nationwide_HPI,RPI YOY
2009-01-01,30.903837874020976,33.42433294610094,1.4790272727272729,1.0999045454545455,4308.39,596.071496622473,2135.9823235349627,12.47280519283617,84.9,210.1,2.1225454545454543,3.7575000000000003,300.2,0.14299332697806622
2009-02-01,29.393166483227258,33.6175527587692,1.4926428571428572,1.1208238095238094,4232.114761904762,570.4103938364359,2020.7169046577135,9.467866200890079,85.6,211.4,2.129904761904762,3.7983333333333333,294.7,0.0
2009-03-01,31.733351990825387,36.82615200959876,1.494240909090909,1.0978772727272728,4107.840909090909,566.393974673034,2029.160818604497,8.064295339987163,85.8,211.3,2.1420454545454546,3.8725,301.1,-0.3771805752003692
2009-04-01,33.99078558987887,36.012518564393645,1.5119363636363636,1.1253272727272727,4259.8904999999995,588.0421253900778,2119.383028929343,7.762396806022379,86.0,211.5,2.14325,3.9355,302.9,-1.1682242990654206
2009-05-01,37.52451481258941,38.801542107526615,1.5612523809523808,1.1316857142857142,4434.7195,582.7187270292776,2164.1201073830025,7.757394094484587,86.4,212.8,2.0319,3.9175,307.2,-1.0692701069270028
2009-06-01,43.24373845202162,40.565945189109165,1.6018714285714286,1.1549476190476191,4350.399523809524,571.4239000217008,2097.6139919765483,7.514276456406643,86.7,213.4,2.238285714285714,3.9275,312.1,-1.5682656826568293
2009-07-01,40.53549841451941,39.14335069202884,1.6220565217391303,1.1501304347826087,4526.185652173913,589.2951245466705,2213.3754205572145,6.238725396906236,86.7,213.4,2.1324347826086956,3.76,316.9,-1.4318706697459558
2009-08-01,45.18013746635491,41.79383580603933,1.6170190476190476,1.140542857142857,4717.138,613.8290917443621,2330.3439464916455,6.254895840081985,87.0,214.4,1.8987619047619049,3.734,319.6,-1.2891344383057013
2009-09-01,42.6368312749569,40.978371158643235,1.598308695652174,1.1135869565217391,4870.000869565218,630.8260634203003,2435.5513909224014,7.21856799714916,87.1,215.3,1.8224,3.858333333333333,322.8,-1.4194139194139168
2009-10-01,45.87938798736338,45.31045807742872,1.6114782608695652,1.1111565217391304,4972.208636363636,639.7085140199752,2473.497772857821,7.670117290975806,87.2,216.0,1.840090909090909,3.9093125,323.2,-0.7808911345888786
2009-11-01,47.663368900064285,43.66313655400539,1.6277249999999999,1.11749,5029.88,639.2535270813074,2451.95661706145,6.810886359796649,87.5,216.6,1.8613380952380951,3.8350714285714287,324.7,0.2777777777777751
2009-12-01,47.427272544866156,43.439715949038884,1.5857772727272725,1.117768181818182,5019.6495,660.1659693834166,2479.3219094403676,7.992925751925498,88.0,218.0,1.8287347826086957,3.985046875,323.4,2.3954908407703117
2010-01-01,48.393238657785595,48.57029150732808,1.5914000000000001,1.1509391304347825,5374.821818181818,702.2750258831696,2451.705756014336,9.420664480674533,87.8,217.9,1.8321861904761905,3.781319565217391,326.1,3.712517848643509
2010-02-01,48.35456132410939,50.97113779241574,1.5467,1.1528736842105263,5336.8983333333335,718.768992047585,2376.934296905673,9.71290130241446,88.2,219.2,1.626869,3.740098947368421,321.8,3.689687795648052
2010-03-01,52.46000054081326,53.429863518028306,1.5236619047619047,1.1335714285714285,5597.8724999999995,760.2814647668995,2528.373450955682,8.934889004872348,88.7,220.7,1.611968695652174,3.723585,328.2,4.448651206814945
2010-04-01,55.56227792344466,53.50587847230403,1.5433818181818182,1.1501590909090909,5607.947272727272,761.9575077162312,2492.8851739877887,9.275675611997267,89.2,222.8,1.6341999999999999,3.751034090909091,334.7,5.3427895981087525
2010-05-01,51.597551600597605,50.43113006396589,1.4922727272727272,1.1634272727272728,5260.905000000001,751.8886993603411,2295.2694252724723,10.998324703015536,89.4,223.6,1.5291964999999998,3.5556023809523807,337.5,5.075187969924803
2010-06-01,49.99784012953501,51.964393605639124,1.5132380952380953,1.1941619047619048,5271.2528571428575,731.4800648247215,2278.853469657939,12.485052552080054,89.5,224.1,1.484434090909091,3.477697619047619,339.4,5.014058106841607
2010-07-01,49.02473356123065,50.86378207023811,1.537109090909091,1.1844272727272729,5318.455000000001,719.4751658958376,2298.6406932387727,11.83005878804367,89.3,223.6,1.4174831818181817,3.452037727272727,337.8,4.779756326148074
2010-08-01,49.7139613756762,49.44670235726098,1.5511739130434783,1.193891304347826,5341.171363636364,707.7873700142949,2273.8265445474244,11.345512897282944,89.8,224.5,1.292715909090909,3.265270909090909,332.2,4.710820895522385
2010-09-01,50.3685565439922,49.84863717605004,1.5568695652173914,1.177382608695652,5529.338695652174,728.9359919571046,2363.4735116212087,11.660802055406613,89.8,225.3,1.3015172727272726,3.2726473913043477,332.7,4.644681839294009
2010-10-01,53.270778294008686,51.78555160790744,1.568142857142857,1.1516809523809524,5624.346190476191,743.707145243084,2452.0977618636116,11.66605933618779,90.0,225.8,1.238352380952381,3.285744285714286,327.7,4.5370370370370425
2010-11-01,54.89425057073212,51.9607552190874,1.569555,1.171935,5580.5005,743.6616714526359,2370.686087538985,11.913408577590463,90.3,226.8,1.387090909090909,3.5000465,325.4,4.709141274238235
2010-12-01,59.40599187593259,55.15630739776352,1.5529541666666666,1.167875,5745.711818181819,777.5897900063542,2424.351564451104,13.030150990329037,91.2,228.4,1.5188214285714285,3.632405909090909,323.7,4.770642201834865
2011-01-01,60.56059854098129,57.77636739211801,1.6001681818181817,1.1644772727272727,5876.134545454545,803.8729424680334,2437.5014149930716,14.135588020577385,91.3,229.0,1.7096624999999999,3.581978181818182,321.6,5.094079853143641
2011-02-01,64.30565722223848,58.07707003307195,1.6177736842105264,1.1699473684210526,5889.598888888889,805.3924912331689,2442.938953619146,13.801545911951047,92.0,231.3,1.933119,3.6047110526315786,321.5,5.52007299270074
2011-03-01,71.1571818057846,62.068732089265964,1.6115272727272727,1.1473090909090908,5782.618571428572,800.2679558634385,2440.095797280593,15.006468548563005,92.2,232.5,1.8090326086956523,3.562880952380952,328.7,5.346624376982334
2011-04-01,75.5645314313778,63.99938052504689,1.6289454545454545,1.1385227272727272,5887.902631578947,802.8513148495401,2488.7083341650864,14.155105484042279,93.2,234.4,1.7798322222222223,3.551735,330.4,5.2064631956912
2011-05-01,70.82384380842132,60.442517612496715,1.616995238095238,1.1471666666666667,5796.3724999999995,808.9253389474677,2388.4195014632323,14.387797472678603,93.4,235.2,1.5397761904761904,3.3675857142857146,333.6,5.187835420393558
2011-06-01,70.90601947351891,58.78048573441652,1.6063772727272727,1.1329772727272727,5752.630454545454,796.4199511605732,2395.4424184068525,14.311564983885253,93.3,235.2,1.4198136363636364,3.335106818181818,335.6,4.953145917001336
2011-07-01,72.36507872346023,60.04608108654351,1.6134130434782608,1.1451652173913043,5819.303043478261,805.8889472762306,2336.520646346835,14.002182788309959,93.3,234.7,1.3630238095238094,3.271891304347826,336.6,4.9642218246869385
2011-08-01,67.48316427136088,55.370890734917,1.628940909090909,1.143359090909091,5424.25380952381,745.3423445797185,2095.5386639845115,14.227766241763067,93.8,236.1,1.2214227272727274,3.001059523809524,331.0,5.1670378619153645
2011-09-01,69.53612101691016,55.78770274933855,1.5805454545454545,1.1509772727272727,5373.248636363636,761.936903255493,1984.2805520999943,15.427642931093986,94.4,237.9,1.2207568181818182,2.8030795454545454,331.7,5.5925432756324875
2011-10-01,68.21234171262387,56.95807567935553,1.5948238095238096,1.1509619047619049,5575.476190476191,780.3949085284834,2139.8246601186584,15.282327052100095,94.5,238.0,1.346004761904762,2.9691285714285716,330.5,5.403011514614698
2011-11-01,69.90328953611761,61.283811791520165,1.580631818181818,1.1620318181818183,5514.376818181818,784.5096739905779,2067.6432737329205,15.093935394074293,94.6,238.5,1.4657272727272728,2.8733409090909094,330.7,5.158730158730154
2011-12-01,68.58687468759445,61.30699665788934,1.5706045454545454,1.179990909090909,5529.2005,793.3123609033001,2005.1696047258417,14.869400089289972,95.1,239.4,1.3283200000000002,2.658995,326.8,4.816112084063047
2012-01-01,71.1267272846897,62.394563777651896,1.566955,1.211395,5724.424499999999,852.0326634174327,1986.2484986317427,14.722024563564366,94.6,238.0,1.2644642857142858,2.2502924999999996,323.6,3.9301310043668125
2012-02-01,75.25073331054159,63.900551311627545,1.5821772727272725,1.2063727272727272,5866.06238095238,866.7255709192455,2051.724176908991,15.30365506790399,95.1,239.9,1.2565523809523809,2.324861904761905,324.6,3.7181150021616918
2012-03-01,78.4867905343891,64.35705996449512,1.5868217391304347,1.2117086956521739,5846.9873913043475,879.5099160352099,2063.7791404879204,15.628724631407053,95.4,240.8,1.251690909090909,2.378113043478261,325.8,3.5698924731182844
2012-04-01,75.35398451474101,62.73070382812824,1.59894,1.22549,5725.534210526315,862.3798793016163,1901.6748402679743,15.43456750623604,96.0,242.5,1.2878447368421053,2.294845,327.4,3.4556313993174035
2012-05-01,69.94713926061145,58.477547033072874,1.5767434782608694,1.2417913043478261,5505.961818181819,851.2193416109304,1816.4334831869805,15.420880480883074,95.9,242.4,1.299625,2.1437,331.2,3.0612244897959258
2012-06-01,61.203141421010336,54.9387680271306,1.5673565217391303,1.2380347826086957,5610.090909090909,860.3527830147284,1834.0592064179234,15.336332012915683,95.5,241.8,1.0459105263157895,2.060609090909091,330.6,2.8061224489796017
2012-07-01,65.32761873088694,57.8258815548799,1.5724380952380952,1.2611619047619047,5677.0805,870.9401838818699,1840.891241636586,15.521278754254842,95.6,242.1,0.8744,1.9746700000000001,327.9,3.152961227098426
2012-08-01,71.3215104620777,60.04488304514199,1.5798636363636362,1.2558272727272728,5779.29,885.6457691975718,1935.5857421040819,15.787227512923057,96.1,243.0,0.8316886363636363,2.04215,328.6,2.9224904701397736
2012-09-01,70.532474401412,59.09841862234134,1.6025809523809524,1.2412761904761904,5803.253,884.4138324488474,2002.9833159421182,15.76363425664553,96.5,244.2,0.7994875,2.0253075,327.1,2.64817150063051
2012-10-01,69.8245733866102,56.870496226221775,1.5971454545454546,1.2373,5800.755909090909,880.2601516341654,1996.2888400696531,16.44126452876154,97.0,245.6,0.6881130434782609,2.0168590909090907,327.5,3.1932773109243673
2012-11-01,68.8744447683891,56.20995098091258,1.5902454545454545,1.239131818181818,5740.510454545454,869.1266860434571,1990.0131690443093,16.676242089557356,97.2,245.6,0.6860886363636364,1.9552272727272728,326.9,2.976939203354295
2012-12-01,68.15661430302066,56.73420481333755,1.6021409090909093,1.2281863636363637,5846.357,876.7970238956503,2067.5709934456204,16.30864666880396,97.6,246.8,0.6919684210526316,1.9807075,323.7,3.09106098579783
2013-01-01,71.27597030853988,61.17565990129481,1.575891304347826,1.1817,6300.871428571428,976.9382997298187,2319.113303271719,16.680243064656306,97.1,245.8,0.7394090909090909,2.1336454545454546,323.7,3.277310924369753
2013-02-01,75.08603625166573,62.05032222265348,1.54586,1.1686999999999999,6375.8335,1009.3860016071601,2301.6278771284337,16.88946605772838,97.8,247.6,0.6791875,2.22154,324.4,3.20967069612338
2013-03-01,71.3949814559054,62.39093123942831,1.534309523809524,1.1787857142857143,6419.2405,1032.538725345665,2300.9148033690844,17.689553234741858,98.1,248.7,0.600525,2.099604761904762,328.4,3.280730897009957
2013-04-01,66.78808977286737,60.04555008846402,1.5485545454545453,1.178190909090909,6386.6904545454545,1028.224924737802,2291.7045393168264,17.24482068321778,98.3,249.5,0.5823333333333333,2.072545454545455,330.3,2.88659793814433
2013-05-01,67.47949378164175,62.694715416407874,1.5304875000000002,1.1740208333333333,6606.908695652173,1076.6867760592052,2371.2309903643113,17.365168884452487,98.5,250.0,0.6267095238095238,2.172860869565217,335.0,3.135313531353133
2013-06-01,66.44121192638431,62.49103913847142,1.5553750000000002,1.17432,6326.408421052632,1046.9857751346137,2290.156430955787,16.84802700313429,98.3,249.7,0.7823599999999999,2.451736842105263,337.0,3.26716294458229
2013-07-01,69.59936838106603,66.36411876496285,1.543504761904762,1.1665666666666668,6526.791428571429,1074.640582965175,2353.596838912723,17.032202532270407,98.3,249.7,0.733754347826087,2.3752285714285715,340.8,3.139198678232133
2013-08-01,70.92345142817113,66.2445313656021,1.5573000000000001,1.172782608695652,6450.648636363636,1050.8083946853387,2373.8229406094756,16.714535063600753,98.7,251.0,0.8008095238095239,2.586271739130435,340.2,3.292181069958848
2013-09-01,70.06121791397285,64.81943871558882,1.587965,1.18752,6515.375,1056.3406624201414,2407.2550357046616,16.788783128091616,99.1,251.9,0.8771190476190476,2.6448125,343.4,3.1531531531531605
2013-10-01,68.58752347224643,62.15719620896823,1.5956318181818183,1.1787772727272727,6584.2131818181815,1070.7357302180098,2495.0206492860475,16.816744958062586,99.1,251.9,0.8377173913043477,2.562602272727273,346.5,2.5651465798045647
2013-11-01,67.54468534186522,59.83317989202121,1.5975173913043477,1.1882521739130434,6575.943913043478,1079.4217386216114,2478.627725047384,17.18971556409538,99.2,252.1,0.8163214285714285,2.5867826086956525,348.2,2.6465798045602607
2013-12-01,68.95323086397882,61.436636420923044,1.6054636363636363,1.1844772727272728,6557.442999999999,1088.1040149424814,2463.1367500047963,16.935917690160306,99.6,253.4,0.8938499999999999,2.6878625,350.8,2.6742301458670967
2014-01-01,64.86460707196501,57.55616668465826,1.6513347826086957,1.2218913043478261,6710.085,1123.0542222760507,2556.862603654996,14.835106442817729,99.0,252.6,0.9793522727272727,2.7405545454545455,352.1,2.7664768104149644
2014-02-01,65.50307699252193,59.4343021906793,1.661525,1.224615,6765.8105,1133.5255579251464,2573.2556762737677,13.699011450324251,99.5,254.2,0.9606,2.7444675,354.8,2.665589660743132
2014-03-01,65.2955098047408,58.79453123147414,1.6501608695652172,1.2172913043478262,6622.709130434782,1144.8335735382848,2559.8013408244246,13.615555645054746,99.7,254.8,1.0037380952380954,2.714021739130435,359.6,2.452754322476889
2014-04-01,64.85075746212688,59.07424628768561,1.6667500000000002,1.2263454545454544,6683.6089999999995,1135.2644367781609,2577.360635443076,12.3818809059547,100.1,255.7,1.0564375,2.6746849999999998,366.2,2.484969939879755
2014-05-01,65.52498841235652,59.237591483958425,1.6671363636363636,1.2344681818181817,6791.5244999999995,1145.8590760785598,2582.7581255085925,12.073847370286556,100.0,255.9,1.1259000000000001,2.6440595238095237,372.1,2.3600000000000025
2014-06-01,66.61915259200327,60.55911061132085,1.6807050000000001,1.2437850000000001,6737.722,1150.0069911138478,2580.212416133013,11.500382280055096,100.2,256.3,1.2564642857142858,2.74614,376.8,2.64317180616741
2014-07-01,64.22360280510121,59.14432540000051,1.6845086956521738,1.251686956521739,6726.353043478261,1154.2214605213235,2515.1135163674767,11.219888652864853,99.9,256.0,1.3455434782608697,2.696476086956522,376.9,2.5230276331597965
2014-08-01,62.39486199514361,56.77983879078723,1.6571190476190476,1.2491571428571429,6729.2815,1185.846635727525,2507.0683851587546,11.733465998074687,100.2,257.0,1.2629,2.537352380952381,377.6,2.3904382470119523
2014-09-01,60.18476117206723,56.77376220394556,1.63779,1.25942,6713.692,1201.927292265797,2548.5473471915643,13.218269741541954,100.3,257.6,1.242693181818182,2.575745,375.8,2.262802699483929
2014-10-01,54.35909978749612,53.10956576711842,1.6197759999999999,1.2538639999999999,6481.7396,1190.981469042633,2432.967849782752,13.771039946264175,100.4,257.7,1.1067717391304348,2.383512,377.7,2.3025009924573174
2014-11-01,49.66937754701961,51.597419416160726,1.6031809523809524,1.2498285714285715,6685.894285714286,1248.7043318640324,2521.590008534504,13.915043900816235,100.1,257.1,1.027675,2.315842857142857,377.8,1.9833399444664928
2014-12-01,39.74386343444255,43.75405711824201,1.5918523809523808,1.2612095238095238,6565.031052631579,1260.8709978491668,2479.01461500338,13.679032214640628,100.1,257.5,0.9590119047619048,2.1885947368421053,376.2,1.617995264404102
2015-01-01,32.81812498652698,31.737054014432232,1.5161772727272727,1.3362636363636364,6641.765238095239,1339.5036560248711,2495.6648521479906,13.09920326795902,99.3,255.4,0.8582738095238095,1.6847285714285714,375.9,1.1084718923198777
2015-02-01,38.343255354630735,32.75920698361236,1.5333857142857146,1.3623714285714286,6746.840476190476,1356.2327995006378,2536.801725282945,13.938964817972053,99.5,256.7,0.9528874999999999,1.85645,375.0,0.9834775767112511
2015-03-01,37.8662611960376,31.63511270854179,1.5036772727272727,1.3775681818181817,6791.14,1380.4315178849427,2615.694574399803,13.821671518408909,99.7,257.1,0.9472159090909091,1.7830454545454544,377.9,0.9026687598116213
2015-04-01,40.40937730698577,35.57204662901094,1.5129090909090908,1.3860363636363635,6886.650952380953,1381.8137844009134,2620.0844133697137,13.690118518264175,99.9,258.0,0.9236625,1.8114318181818183,385.1,0.8994915917090386
2015-05-01,42.50505175153095,36.18676826728779,1.543547619047619,1.3840142857142856,6864.994500000001,1360.2165388946307,2568.111738455769,13.123987721544372,100.1,258.5,1.009907894736842,1.97163,389.3,1.0160218835482588
2015-06-01,41.067581778193095,35.88547274394863,1.5523857142857143,1.3855238095238096,6687.8035,1340.9198131294074,2507.6916586472366,13.023502995389586,100.2,258.9,1.0611818181818182,2.089545,389.1,1.0144362075692415
2015-07-01,36.72600227290628,31.989864495096683,1.5456173913043478,1.402913043478261,6625.526086956522,1353.2188807726652,2518.626150556295,13.16907272174901,100.0,258.6,1.1199891304347827,2.051104347826087,390.2,1.0156250000000089
2015-08-01,31.19610973121891,29.152670861812865,1.5452476190476192,1.3769571428571428,6402.255,1311.027050680735,2434.9559587911235,12.478582566517307,100.3,259.8,1.08505,1.9583666666666668,389.6,1.089494163424129
2015-09-01,31.77485542776563,30.721787391489972,1.5276086956521737,1.3646565217391304,6280.524347826087,1302.1018926995873,2375.712633534159,12.59570229116266,100.2,259.6,1.0040227272727273,1.908904347826087,390.2,0.7763975155279502
2015-10-01,32.150955887584864,30.493891579795143,1.5331652173913042,1.378817391304348,6458.806956521739,1339.9154349626235,2458.240836507656,12.291281463752172,100.3,259.5,0.9403068181818182,1.899182608695652,392.6,0.6984866123399346
2015-11-01,30.159048034892173,28.998764388754296,1.523005,1.4092550000000001,6398.5115,1357.1241342643416,2446.82296674484,12.095331269431158,100.3,259.8,0.9948214285714285,1.897445,391.6,1.0501750291715242
2015-12-01,25.818624981523435,27.520853560594016,1.5068227272727273,1.3668136363636363,6324.1435,1363.2854659204506,2426.8432013725483,11.423042464426954,100.3,260.6,1.016488095238095,1.93055,393.0,1.20388349514564
2016-01-01,22.809737262284184,25.53439370392756,1.3996434782608695,1.2787869565217391,6123.662727272728,1413.405854019613,2340.6109297626735,9.77359282346888,99.5,258.8,0.8987999999999999,1.5042704545454546,392.7,1.3312451057165253
2016-02-01,24.047857237234165,26.087338589084563,1.3941842105263158,1.2604157894736843,6171.272222222222,1434.1174385658048,2327.359810254761,9.383225219216838,99.8,260.0,0.7576547619047619,1.3327578947368421,392.9,1.285547331515392
2016-03-01,28.183023201691814,28.33105667364843,1.411842857142857,1.2584333333333333,6253.627368421053,1452.882655900596,2395.2698077671066,9.0689606875459,100.2,261.1,0.8059404761904762,1.3756105263157896,399.5,1.5558148580318942
2016-04-01,30.652664594462856,29.52170915174361,1.413890909090909,1.2566272727272727,6357.307727272727,1468.0040770487506,2426.2904310962244,9.156711331721619,100.2,261.4,0.8201309523809525,1.4185181818181818,403.8,1.3178294573643323
2016-05-01,33.61015009025937,32.36383340975186,1.4176318181818182,1.2695227272727274,6305.2871428571425,1461.2274311511837,2356.760056571009,9.512007022259397,100.4,262.1,0.8050124999999999,1.3543619047619049,407.7,1.39264990328821
2016-06-01,35.85347860999223,33.84145346294205,1.3925363636363637,1.2447136363636364,6262.087727272727,1497.3449363163356,2335.1946595967675,10.313097748385875,100.6,263.1,0.7079545454545455,1.2061727272727274,408.9,1.6222479721900522
2016-07-01,34.979696245814864,32.96363872431442,1.3303363636363637,1.201240909090909,6630.369545454546,1608.5907870190038,2481.757122369671,10.837997225582047,100.6,263.4,0.5011309523809524,1.021027272727273,410.4,1.8561484918793325
2016-08-01,35.3906591577972,33.70312122734778,1.3325304347826086,1.1916739130434784,6658.116818181818,1603.181916066849,2513.3108342302567,9.386618285754288,100.9,264.4,0.42519318181818183,0.9362391304347826,411.2,1.770592763664344
2016-09-01,35.65048263938914,33.53674851297672,1.3251,1.1861,6681.4913636363635,1607.6954740980098,2522.149366525895,10.132168412675544,101.1,264.9,0.44025,0.9590090909090908,411.0,2.041602465331261
2016-10-01,40.40034202932408,37.170194031258845,1.27196,1.15244,6784.034,1663.0420767948676,2624.8130054493076,12.497444888204033,101.2,264.8,0.5575238095238095,1.13836,410.8,2.042389210019272
2016-11-01,36.390690549305376,33.94692962598968,1.2937,1.1929227272727272,6618.945454545454,1649.7697633586943,2519.8382124880454,12.435263198577724,101.4,265.5,0.6469772727272727,1.3169386363636364,408.8,2.193995381062351
2016-12-01,42.77816511331943,38.042859460859134,1.2837434782608697,1.197404347826087,6796.544285714285,1706.5102185400835,2631.6465325359563,12.452421029916872,101.9,267.1,0.6495124999999999,1.2937956521739131,410.7,2.49424405218726
2017-01-01,43.919237485997066,41.37892600792839,1.2624904761904763,1.1549476190476191,7262.714999999999,1861.898401873847,2915.2511554842727,15.273382543196929,101.4,265.5,0.6511309523809524,1.3432166666666667,409.4,2.5888717156105057
2017-02-01,44.43478985395118,41.71885215295164,1.260195,1.166255,7319.083684210526,1895.0219785209608,2901.7436152470946,14.172827471771809,102.1,268.4,0.6211875,1.266755,410.6,3.230769230769222
2017-03-01,41.89800020110098,39.47639490682899,1.2539666666666667,1.1528833333333333,7357.747916666667,1898.6645710943938,2998.3270206583497,12.974660410962546,102.5,269.3,0.6200543478260869,1.2575979166666666,413.6,3.1405591727307494
2017-04-01,41.96654569929708,39.54456687640259,1.282425,1.1669,7274.406111111111,1865.054371944696,3001.1383437598197,12.85975138247201,102.9,270.6,0.5625416666666667,1.1656024999999999,414.3,3.5195103289977223
2017-05-01,39.772653346506715,38.58936323901202,1.2921047619047619,1.1528809523809525,7446.075999999999,1868.6282809148604,3087.3013775014974,12.502856174127118,103.3,271.7,0.5560833333333333,1.1816190476190476,416.4,3.6627241510873576
2017-06-01,37.17608667005237,37.02991905405625,1.2791458333333334,1.1391208333333334,7407.605416666666,1904.3215687551915,3081.732622746343,12.544341113047443,103.3,272.3,0.5478977272727273,1.2009354166666666,421.5,3.4967692892436295
2017-07-01,37.883154467019764,37.71573319505854,1.2973727272727273,1.130131818181818,7403.319090909091,1896.781607584559,3082.6283337824634,12.210866716651134,103.2,272.9,0.6325595238095237,1.2608227272727273,422.3,3.6066818526955204
2017-08-01,40.22659494215272,37.64655701182327,1.2894454545454546,1.1084136363636363,7382.190476190476,1901.9412855420583,3124.2053549093503,12.925453037128952,103.8,274.7,0.5609204545454545,1.1779976190476191,419.9,3.895612708018159
2017-09-01,42.128371541730516,38.37052990662311,1.3177523809523808,1.136995238095238,7333.500952380952,1876.191061258709,3096.748321599538,13.08866468156457,104.1,275.1,0.6953095238095238,1.3343619047619046,420.5,3.850509626274083
2017-10-01,44.33010950754809,39.701292210039185,1.3004499999999999,1.1329772727272727,7453.684090909091,1924.5970800317375,3141.5871296463465,13.548631767325299,104.2,275.3,0.818359090909091,1.3337636363636365,421.1,3.965256797583081
2017-11-01,47.84365411291802,41.49024720222013,1.3139863636363636,1.128490909090909,7393.842272727273,1934.11190328759,3138.1430550856335,14.337875375764936,104.6,275.8,0.8259409090909091,1.3133113636363636,418.9,3.879472693032019
2017-12-01,48.560852058708925,41.7421634844352,1.3198285714285714,1.1339714285714286,7506.967368421053,1959.5029657531284,3124.359792120579,14.302575180645471,104.9,278.1,0.8085815789473685,1.2582499999999999,421.2,4.118307749906402
2018-01-01,50.05801927011476,47.35147616655462,1.3799714285714284,1.1352761904761905,7599.9395,2031.9348989463663,3141.4346833998857,14.010652394459514,104.4,276.0,0.8623295454545455,1.508225,422.4,3.954802259887006
2018-02-01,47.80648345368591,46.56787365577433,1.3749285714285715,1.1306761904761904,7319.2654999999995,1981.8742272325835,3023.4416615426085,14.545264689074756,104.9,278.1,0.9999525,1.6199324999999998,419.7,3.614008941877812
2018-03-01,48.51254511594206,46.96014436471923,1.3753045454545454,1.134509090909091,7196.056666666666,1967.9859336940249,2983.1480404591725,14.672074992599041,105.0,278.3,1.0685090909090909,1.5378927272727274,422.2,3.341997772001485
2018-04-01,52.23507986940276,48.723387260363936,1.3738350000000001,1.139405,7392.5070000000005,1966.0274839562628,3035.5690031200497,15.218785370877868,105.4,279.7,1.13002,1.5684225,424.9,3.3628972653362768
2018-05-01,57.50957701489367,50.735321275618475,1.3390208333333333,1.1372541666666667,7569.548260869565,2041.175044518906,3046.6053103051577,16.49729178321548,105.8,280.7,1.0179690476190477,1.5804917391304347,426.1,3.312476996687523
2018-06-01,57.15918138332787,50.15139022412596,1.3285954545454546,1.1341954545454547,7484.365454545455,2068.4957798905884,2993.604998336826,16.359552637611145,105.8,281.5,1.0157095238095237,1.5498181818181818,429.8,3.3786265148732975
2018-07-01,56.788850750209505,50.855988310212325,1.3198333333333334,1.1257190476190477,7539.905499999999,2114.566774304115,3054.8170270007313,16.76158605884581,105.8,281.7,1.0587113636363636,1.5446214285714286,432.9,3.224624404543793
2018-08-01,56.61936051686719,51.18898790176057,1.3041782608695651,1.1205260869565217,7515.256363636364,2169.0526435103234,3051.270172007714,18.001582629984323,106.5,284.2,1.0943681818181819,1.5551886363636362,428.4,3.458318165271205
2018-09-01,59.62235812185747,51.85635791370134,1.3268428571428572,1.127495238095238,7408.934761904762,2142.823099588353,3022.1886693640345,18.939516288217288,106.6,284.1,1.1262925,1.6215523809523809,428.7,3.2715376226826605
2018-10-01,61.72924591375866,51.80424210165586,1.3061809523809524,1.1305476190476191,7168.418571428572,2096.801653675929,2885.432681170103,18.683147525683744,106.7,284.5,1.1512869565217392,1.5909047619047618,428.0,3.341808935706498
2018-11-01,50.691431007134426,44.86067729259981,1.300990909090909,1.1298545454545454,7149.529545454545,2088.123005807428,2872.8291654597533,18.60033261360222,107.0,284.6,1.1724386363636363,1.5651059090909092,427.0,3.1907179115300983
2018-12-01,44.44452448360779,42.179317507915506,1.2976739130434782,1.1200782608695652,7007.418571428572,2015.548374028933,2842.4089524948163,17.86273097348098,107.1,285.6,1.1541105263157896,1.5146357142857143,423.5,2.6968716289104635
2019-01-01,46.60570180937499,42.191478899070816,1.2925652173913043,1.1399347826086956,7037.509545454545,2121.6414948366914,2837.8401787773037,15.390906185879109,106.3,283.0,1.141816818181818,1.3442439130434782,422.8,2.536231884057971
2019-02-01,50.059241476025655,43.49597654339692,1.287105,1.14337,7212.3949999999995,2191.5927604973954,2898.8428942512046,13.407882761061819,106.8,285.0,1.069154,1.227099,421.5,2.481121898597618
2019-03-01,51.524413680006724,44.45819164162277,1.3008904761904763,1.1557285714285714,7234.374761904762,2180.7970364622033,2912.6426125758644,11.597926078396657,107.0,285.1,1.037452380952381,1.1855738095238095,425.1,2.44340639597557
2019-04-01,55.55597525898641,46.837266038421,1.2893045454545453,1.1491681818181818,7340.2294999999995,2247.530663112954,3000.9819751045225,12.095237311791692,107.6,288.2,1.0207169999999999,1.230792380952381,428.7,3.038970325348588
2019-05-01,55.17931334548568,46.12693980042486,1.2740833333333332,1.1392875,7274.922608695652,2246.048565749175,2974.931335008357,10.719471515468637,107.9,289.2,0.9680261904761904,1.151045652173913,428.8,3.028143925899537
2019-06-01,49.584098605009686,44.136281939850626,1.271335,1.12936,7344.8910526315785,2297.683930671302,3044.2529397180706,9.364866343600369,107.9,289.6,0.8427994999999999,1.023287894736842,431.9,2.877442273534644
2019-07-01,51.26285590183947,44.61753681697572,1.252657142857143,1.1189380952380952,7411.195238095238,2345.4375080780665,3076.576005311158,13.086467623109732,107.9,289.5,0.7369978260869565,0.9960861904761904,434.2,2.7689030883919106
2019-08-01,48.062857982082534,44.97927934255812,1.238,1.1117565217391303,7182.645,2325.2475942965516,3025.5201326533806,13.769328409877682,108.4,291.7,0.6682933333333333,0.8385136363636363,431.1,2.638986629134412
2019-09-01,49.80222345836526,45.97702068458211,1.25069,1.1294600000000001,7304.19,2364.374465295157,3089.1943937810984,11.011699319753273,108.5,291.0,0.7347352380952381,0.847118,429.6,2.4287222808870035
2019-10-01,46.510833534361105,43.50522042791555,1.2821136363636363,1.1502363636363635,7253.390454545454,2319.7656568521443,3077.1003588195317,11.933976717625876,108.3,290.4,0.7361378260869565,0.9514277272727273,429.6,2.0738137082600976
2019-11-01,48.74296805436402,44.19694660381643,1.2865347826086957,1.158291304347826,7305.7591304347825,2349.7774762184044,3094.163066285796,12.310199626228865,108.5,291.0,0.7881566666666667,1.0019921739130435,430.4,2.248770203794791
2019-12-01,50.33062259412911,45.70225730008236,1.2949136363636364,1.1602545454545454,7446.514,2391.8083423638373,3121.7938461779545,10.915356860505888,108.5,291.9,0.7994805,1.0243709523809525,429.5,2.20588235294116
2020-01-01,49.02197669103788,37.43463375615964,1.2988608695652173,1.1608434782608696,7036.697727272727,2497.2688283314988,3060.333105885253,7.781993829801608,108.2,290.6,0.6923304545454546,0.710235652173913,430.7,2.685512367491174
2020-02-01,42.94398982638505,35.96527700984187,1.2918571428571428,1.1640142857142857,6796.644285714286,2501.024604666593,3019.8807083860042,7.418629510855543,108.6,292.0,0.6833175,0.6453,431.1,2.456140350877193
2020-03-01,27.211756835098562,25.801735744174167,1.239504347826087,1.1118217391304348,5813.3821739130435,2243.0531169860706,2631.2835573422385,6.975789761685947,108.6,292.6,0.4969272727272727,0.6144013043478261,438.0,2.630655910206945
2020-04-01,21.072957183448857,17.991583642053016,1.2637727272727273,1.1396318181818181,6002.315714285714,2370.656763658598,2666.200692522591,5.995653089851558,108.5,292.6,0.4701255,0.5246490476190476,444.7,1.5267175572519203
2020-05-01,25.990237003163195,28.04783553327943,1.24708,1.123495,6134.46,2450.2885055278607,2722.79271380825,4.950511763901527,108.5,292.2,0.32783850000000003,0.45977736842105266,436.7,1.0373443983402488
2020-06-01,32.3382862510867,31.462163672895926,1.2608190476190475,1.1183190476190477,6267.593333333333,2475.3191425075165,2906.0933288481433,5.429803755684135,108.6,292.7,0.24318681818181817,0.4539323809523809,431.7,1.0704419889502643
2020-07-01,33.762927155091894,31.98666387415588,1.2801666666666667,1.1126875,6244.11,2520.160305213881,2990.6761032784734,5.2914659549537815,109.1,294.2,0.13942695652173914,0.40633625,440.7,1.6234887737478374
2020-08-01,34.536521214999354,31.706149884016142,1.3035476190476192,1.117147619047619,6163.494210526315,2569.477068074302,2952.475053388519,6.921193465682141,108.6,293.3,0.1049385,0.4579585,447.1,0.5485087418580812
2020-09-01,32.48822979668847,30.81448043589427,1.2888863636363637,1.1062454545454545,6078.5995454545455,2558.4137116256106,2949.601847362496,8.55671739168768,109.1,294.3,0.06638909090909091,0.43259454545454545,451.1,1.134020618556705
2020-10-01,32.04153278712722,31.66631276663944,1.2959458333333334,1.114825,6064.609130434783,2604.212440105507,2912.9028829831936,9.773120493803068,109.1,294.3,0.06756909090909091,0.4568733333333333,454.5,1.342975206611582
2020-11-01,33.50959267330052,31.420305942156023,1.3124600000000002,1.12065,6341.776,2629.6039498346613,3040.355151028421,9.288854517471007,108.9,293.5,0.07870238095238095,0.4892445,458.3,0.859106529209622
2020-12-01,37.848281910384884,33.59401580568057,1.3268285714285715,1.1124714285714286,6403.94052631579,2653.8481125777903,3079.2651496667654,10.773414133537942,109.2,295.4,0.06018571428571429,0.4633521052631579,460.7,1.1990407673860912
2021-01-01,40.39283503436454,43.31893446891622,1.3695869565217391,1.1416000000000002,6786.072272727272,2917.1697350231025,3291.9271994648657,22.762005220696352,109.0,294.6,0.079212,0.7014054545454546,458.3,1.3764624913971093
2021-02-01,44.823467246460254,46.538851978394106,1.3894842105263159,1.1590263157894736,6805.605,2937.920902560007,3316.7476229038793,20.579379028273355,109.1,296.0,0.1783495,0.9038805555555555,461.0,1.36986301369863
2021-03-01,47.57874879906731,46.02678694584678,1.3809142857142858,1.1648333333333334,6822.1404999999995,2946.776117961874,3363.1523005539316,20.154943929487708,109.4,296.9,0.2650817391304348,0.9928665000000001,463.1,1.4695830485304011
2021-04-01,47.21342433185961,46.172115987924215,1.3836863636363637,1.1536,6927.348181818182,3005.0707760232053,3441.9607395032153,19.93653317389976,110.1,301.1,0.285339,0.9655386363636363,476.4,2.90498974709501
2021-05-01,48.81230402208208,46.72926823722768,1.3994227272727273,1.1601727272727274,6982.522999999999,2971.50276250272,3437.4967677226746,23.30425207796721,110.8,301.9,0.30523263157894737,0.9981249999999999,484.4,3.319644079397669
2021-06-01,53.01341585073087,50.82582215971029,1.384709523809524,1.163757142857143,7082.197142857143,3069.701570554594,3506.2834251950785,26.956315403952694,111.3,304.0,0.34858181818181816,0.9658533333333333,489.6,3.860608131192351
2021-07-01,53.90948130850369,50.76454717566114,1.3781181818181818,1.1648772727272727,7035.095454545455,3149.7677993047173,3481.8966492763575,29.013872672221012,111.3,305.5,0.4236131818181818,0.8863636363636364,487.2,3.8409245411284885
2021-08-01,51.38370601985998,49.10812728908716,1.372295652173913,1.164091304347826,7075.450454545455,3188.9284220664836,3524.197265267553,33.26128601333907,112.1,307.4,0.4726019047619048,0.8865500000000001,496.4,4.807364473235584
2021-09-01,54.60333308929033,51.83928673341915,1.3712782608695653,1.1659217391304346,7027.244347826087,3188.2940068612593,3517.402167346604,44.649073856826696,112.4,308.6,0.5681922727272727,1.0030965217391306,496.2,4.858987427794771
2021-10-01,60.82206467231541,56.246238976309876,1.3769047619047619,1.1770238095238095,7149.88619047619,3226.5433166176726,3514.175786386164,51.97043057236728,113.6,312.0,0.9780104761904761,1.144687142857143,499.3,6.014271151885827
2021-11-01,59.653693388286456,53.47717766912605,1.355315,1.1751,7133.960499999999,3296.180320869279,3541.416049697898,51.55056204646152,114.5,314.3,1.1019504545454544,1.09107,504.1,7.086882453151622
2021-12-01,55.37373194999224,52.49447426163235,1.3508916666666666,1.1731375,7169.911363636363,3334.5666214558773,3521.7269927864386,67.30049793150091,115.1,317.7,1.0849009523809525,1.049298181818182,508.3,7.549085985104948
2022-01-01,64.72703827569377,68.60477846406796,1.32205,1.192165,7462.045999999999,3308.798337510127,3397.992308111713,78.46620778336674,114.9,317.7,1.894164705882353,1.725929411764706,509.8,7.841140529531557
2022-02-01,71.24805704385626,72.4384711997114,1.3207588235294117,1.1930941176470586,7475.33,3264.1273510326064,3303.366925344877,79.20951562307468,115.8,320.2,2.23009375,1.86682,519.1,8.175675675675672
2022-03-01,86.00064500899354,79.20318115775788,1.3077,1.190955,7425.606111111111,3386.7523132216866,3266.6167067605406,85.36079818725524,117.1,323.5,2.1865315789473683,1.899921052631579,529.3,8.959245537217928
2022-04-01,82.29471386004374,78.88440402455063,1.287045,1.19454,7475.8422222222225,3390.6424751616646,3202.4907774819876,86.61313318493137,120.0,334.6,2.365978947368421,2.0851,533.9,11.125871803387579
2022-05-01,89.74826655906894,85.12866597474778,1.2474842105263158,1.1780736842105264,7472.767777777778,3274.2566959532674,3179.5544664548033,81.0731704229987,120.8,337.1,2.538121052631579,2.240542105263158,538.4,11.659489897317009
2022-06-01,95.25144225958269,87.836564944626,1.2336105263157895,1.167757894736842,7238.1884210526305,3172.340166316342,3058.9695052146717,96.74639270263582,121.8,340.0,2.9335631578947368,2.6265578947368424,541.8,11.842105263157894
2022-07-01,85.3638706113907,80.41550382295998,1.2314789473684211,1.1845894736842106,7303.865263157895,3298.6892098076337,3082.959230823914,128.6886542069655,122.5,343.2,2.700778947368421,2.302257894736842,541.0,12.340425531914889
2022-08-01,80.65654071702448,78.91333145128016,1.2118157894736843,1.1817315789473684,7453.987222222222,3446.779300310538,3131.4578517697046,180.08214679532188,,,3.368888888888889,2.6885,546.1,
2022-09-01,73.4741673346851,80.70605617641975,1.2724199999999999,1.1804000000000001,7403.0160000000005,3300.2609201364335,3208.537783802101,93.34182109680768,,,2.47534,2.15594,,
