,Date,Brent_Crude_GBP,WTI_Crude_GBP,GBP Curncy,GBPEUR Curncy,UKX Index,SPX Index,SX5E Index,Natural_gas,BPSW2 TRPU Curncy,BPSW10 TRPU Curncy,CPI,RPI,Nationwide_HPI,RPI YOY,ng_YOY,Brent_Crude_YOY,Nationwide_HPI_YOY,CPI_YOY
0,2009-01-01,30.903837874020976,33.42433294610094,1.4790272727272729,1.0999045454545455,4308.39,596.071496622473,2135.9823235349627,12.47280519283617,2.1225454545454543,3.7332857142857145,84.9,210.1,300.2,0.1429933269780662,,,,3.132530120481921
1,2009-02-01,29.393166483227255,33.6175527587692,1.4926428571428572,1.1208238095238094,4232.114761904762,570.4103938364359,2020.7169046577133,9.46786620089008,2.129904761904762,3.7587142857142855,85.6,211.4,294.7,0.0,,,,2.8776978417266084
2,2009-03-01,31.733351990825387,36.82615200959876,1.494240909090909,1.0978772727272728,4107.840909090909,566.393974673034,2029.160818604497,8.064295339987163,2.1420454545454546,3.7601363636363634,85.8,211.3,301.1,-0.3771805752003692,,,,2.380952380952381
3,2009-04-01,33.99078558987887,36.012518564393645,1.5119363636363636,1.1253272727272727,4259.8905,588.0421253900778,2119.383028929343,7.762396806022379,2.14325,3.8196,86.0,211.5,302.9,-1.1682242990654206,,,,2.1276595744680984
4,2009-05-01,37.52451481258941,38.801542107526615,1.5612523809523808,1.1316857142857142,4434.7195,582.7187270292776,2164.1201073830025,7.757394094484587,2.0319,3.8739,86.4,212.8,307.2,-1.0692701069270028,,,,1.7605633802816902
5,2009-06-01,43.24373845202162,40.565945189109165,1.6018714285714286,1.1549476190476191,4350.399523809524,571.4239000217008,2097.6139919765483,7.514276456406643,2.238285714285714,4.050571428571429,86.7,213.4,312.1,-1.5682656826568293,,,,1.8801410105758032
6,2009-07-01,40.53549841451941,39.14335069202884,1.6220565217391305,1.150130434782609,4526.185652173913,589.2951245466705,2213.3754205572145,6.238725396906236,2.132434782608696,4.108217391304348,86.7,213.4,316.9,-1.4318706697459558,,,,1.5169194865810935
7,2009-08-01,45.18013746635491,41.79383580603933,1.6170190476190476,1.140542857142857,4717.138,613.8290917443621,2330.343946491645,6.254895840081985,1.8987619047619049,3.973619047619048,87.0,214.4,319.6,-1.2891344383057013,,,,1.1614401858304297
8,2009-09-01,42.6368312749569,40.97837115864324,1.598308695652174,1.1135869565217391,4870.000869565218,630.8260634203003,2435.5513909224014,7.21856799714916,1.9538260869565216,3.9046086956521737,87.1,215.3,322.8,-1.4194139194139168,,,,1.5133876600698453
9,2009-10-01,45.87938798736338,45.31045807742872,1.6114782608695652,1.1111565217391304,4972.208636363636,639.7085140199752,2473.497772857821,7.670117290975806,1.9678260869565216,3.919772727272728,87.2,216.0,323.2,-0.7808911345888786,,,,1.9813519813519846
10,2009-11-01,47.663368900064285,43.66313655400539,1.627725,1.11749,5029.88,639.2535270813074,2451.95661706145,6.810886359796649,1.89425,3.86265,87.5,216.6,324.7,0.2777777777777751,,,,2.923976608187134
11,2009-12-01,47.42727254486616,43.43971594903888,1.5857772727272723,1.117768181818182,5019.6495,660.1659693834166,2479.321909440368,7.992925751925498,1.2613636363636365,3.9405,88.0,218.0,323.4,2.395490840770312,,,,3.415783274440508
12,2010-01-01,48.3932386577856,48.57029150732808,1.5914,1.1509391304347825,5374.821818181818,702.2750258831696,2451.705756014336,9.420664480674532,1.7298333333333331,3.898611111111111,87.8,217.9,326.1,3.712517848643509,-24.470363041624772,56.592973516946024,8.627581612258506,3.0373831775701037
13,2010-02-01,48.35456132410939,50.97113779241574,1.5467,1.1528736842105265,5336.8983333333335,718.768992047585,2376.934296905673,9.71290130241446,1.5798666666666668,3.8624666666666663,88.2,219.2,321.8,3.689687795648052,2.588071021761416,64.50953439025413,9.195792331184263,3.379953379953387
14,2010-03-01,52.46000054081326,53.42986351802831,1.5236619047619049,1.1335714285714285,5597.8725,760.2814647668995,2528.373450955682,8.934889004872348,1.6087647058823529,3.835294117647059,88.7,220.7,328.2,4.448651206814945,10.795657006363689,65.31503055832323,9.000332115576208,3.720930232558143
15,2010-04-01,55.56227792344466,53.50587847230403,1.5433818181818182,1.1501590909090909,5607.947272727272,761.9575077162312,2492.8851739877887,9.275675611997269,1.669842105263158,3.848157894736842,89.2,222.8,334.7,5.3427895981087525,19.494994185311768,63.462764861748134,10.49851436117531,3.472222222222222
16,2010-05-01,51.597551600597605,50.43113006396589,1.4922727272727272,1.1634272727272728,5260.905000000001,751.8886993603411,2295.2694252724723,10.998324703015536,1.5173157894736842,3.624611111111111,89.4,223.6,337.5,5.075187969924803,41.7785994762753,37.50358094779874,9.863281250000004,3.2295271049596272
17,2010-06-01,49.99784012953501,51.96439360563912,1.5132380952380953,1.1941619047619048,5271.2528571428575,731.4800648247215,2278.853469657939,12.485052552080054,1.5137058823529412,3.54564705882353,89.5,224.1,339.4,5.014058106841607,66.15109418066922,15.618681268750572,8.747196411406586,2.998846597462508
18,2010-07-01,49.02473356123065,50.86378207023811,1.537109090909091,1.1844272727272729,5318.455000000001,719.4751658958376,2298.6406932387727,11.83005878804367,1.489090909090909,3.521272727272728,89.3,223.6,337.8,4.779756326148074,89.62300847397704,20.942718058871773,6.595140422846335,3.2183908045976977
19,2010-08-01,49.7139613756762,49.44670235726098,1.5511739130434783,1.193891304347826,5341.171363636364,707.7873700142949,2273.8265445474244,11.345512897282944,1.6103333333333332,3.764166666666666,89.8,224.5,332.2,4.710820895522385,81.38612036638224,10.034993613504552,3.9424280350437932,3.099885189437432
20,2010-09-01,50.3685565439922,49.84863717605004,1.5568695652173914,1.177382608695652,5529.338695652174,728.9359919571046,2363.4735116212087,11.660802055406611,1.5568,3.7074,89.8,225.3,332.7,4.644681839294009,61.53899305252551,18.133911545102546,3.066914498141257,3.2110091743119233
21,2010-10-01,53.270778294008686,51.78555160790744,1.568142857142857,1.1516809523809524,5624.346190476191,743.707145243084,2452.097761863612,11.66605933618779,1.58675,3.76275,90.0,225.8,327.7,4.5370370370370425,52.09753506525077,16.110481483931576,1.3923267326732673,3.1999999999999966
22,2010-11-01,54.89425057073212,51.9607552190874,1.569555,1.171935,5580.5005,743.6616714526359,2370.686087538985,11.913408577590465,1.6468,3.8202,90.3,226.8,325.4,4.709141274238235,74.91715392453207,15.170731397163328,0.21558361564520748,3.63636363636364
23,2010-12-01,59.40599187593259,55.15630739776352,1.5529541666666666,1.167875,5745.711818181819,777.5897900063542,2424.351564451104,13.030150990329036,1.598,3.8061666666666665,91.2,228.4,323.7,4.770642201834865,63.02104379225677,25.257027630535934,0.09276437847866773,3.986332574031891
24,2011-01-01,60.56059854098129,57.77636739211801,1.6001681818181817,1.1644772727272727,5876.134545454545,803.8729424680334,2437.501414993072,14.135588020577384,,,91.3,229.0,321.6,5.094079853143641,50.04873647262361,25.142685673999992,-1.3799448022079115,4.3083900226757335
25,2011-02-01,64.30565722223848,58.07707003307195,1.6177736842105264,1.1699473684210526,5889.598888888889,805.3924912331689,2442.938953619146,13.801545911951049,,,92.0,231.3,321.5,5.52007299270074,42.094987710008155,32.98777914913259,-0.09322560596644232,3.9458850056369785
26,2011-03-01,71.1571818057846,62.06873208926597,1.6115272727272727,1.1473090909090908,5782.618571428572,800.2679558634385,2440.095797280593,15.006468548563005,,,92.2,232.5,328.7,5.346624376982334,67.95360905300245,35.64083315329963,0.15234613040828762,4.484304932735426
27,2011-04-01,75.5645314313778,63.99938052504689,1.6289454545454545,1.1385227272727272,5887.902631578947,802.8513148495401,2488.7083341650864,14.15510548404228,,,93.2,234.4,330.4,5.2064631956912,52.60457648749488,35.999700256157304,-1.284732596354948,4.474272930648769
28,2011-05-01,70.82384380842132,60.44251761249672,1.616995238095238,1.147166666666667,5796.3725,808.9253389474677,2388.4195014632323,14.387797472678605,,,93.4,235.2,333.6,5.187835420393558,30.818082400619968,37.26202428489074,-1.1555555555555488,4.245810055865919
29,2011-06-01,70.90601947351891,58.78048573441652,1.6063772727272727,1.1329772727272729,5752.630454545454,796.4199511605732,2395.4424184068525,14.311564983885251,,,93.3,235.2,335.6,4.953145917001336,14.629593461349858,41.81816512436286,-1.1196228638774175,4.479283314669653
30,2011-07-01,72.36507872346023,60.04608108654351,1.6134130434782608,1.1451652173913045,5819.303043478261,805.8889472762306,2336.520646346835,14.00218278830996,,,93.3,234.7,336.6,4.9642218246869385,18.36105837835395,47.60932587849373,-0.3552397868561245,4.4543429844097995
31,2011-08-01,67.48316427136088,55.370890734917,1.628940909090909,1.143359090909091,5424.25380952381,745.3423445797185,2095.5386639845115,14.227766241763067,,,93.8,236.1,331.0,5.1670378619153645,25.4043459345974,35.74288269125684,-0.3612281757977088,5.122494432071279
32,2011-09-01,69.53612101691016,55.78770274933855,1.5805454545454545,1.150977272727273,5373.248636363636,761.936903255493,1984.2805520999943,15.427642931093986,,,94.4,237.9,331.7,5.592543275632488,32.30344583322082,38.05462333663839,-0.30057108506161706,5.0
33,2011-10-01,68.21234171262387,56.95807567935553,1.5948238095238096,1.1509619047619049,5575.476190476191,780.3949085284834,2139.8246601186584,15.282327052100095,,,94.5,238.0,330.5,5.403011514614698,30.99819409193938,28.048329491547236,0.8544400366188621,4.761904761904759
34,2011-11-01,69.90328953611761,61.283811791520165,1.580631818181818,1.1620318181818183,5514.376818181818,784.5096739905779,2067.6432737329205,15.093935394074292,,,94.6,238.5,330.7,5.158730158730154,26.697034654435576,27.34173216564111,1.6287645974185652,4.276315789473674
35,2011-12-01,68.58687468759445,61.30699665788934,1.5706045454545454,1.179990909090909,5529.2005,793.3123609033001,2005.1696047258415,14.869400089289972,,,95.1,239.4,326.8,4.816112084063047,14.115332203947789,15.454472725303226,0.9576768612913261,3.614457831325298
36,2012-01-01,71.1267272846897,62.394563777651896,1.566955,1.211395,5724.424499999999,852.0326634174327,1986.248498631743,14.722024563564366,,,94.6,238.0,323.6,3.930131004366813,4.148653328982835,17.447199991853314,0.6218905472636815,3.369565217391298
37,2012-02-01,75.25073331054159,63.900551311627545,1.5821772727272725,1.2063727272727272,5866.06238095238,866.7255709192455,2051.724176908991,15.30365506790399,,,95.1,239.9,324.6,3.718115002161692,10.883629743623386,17.020393789736488,0.9642301710731019,3.4707158351410006
38,2012-03-01,78.4867905343891,64.35705996449512,1.586821739130435,1.211708695652174,5846.987391304348,879.5099160352099,2063.7791404879204,15.628724631407051,,,95.4,240.8,325.8,3.5698924731182844,4.146585726217596,10.300588840926594,-0.8822634621235099,3.004291845493559
39,2012-04-01,75.35398451474101,62.73070382812824,1.59894,1.22549,5725.534210526315,862.3798793016163,1901.6748402679743,15.43456750623604,,,96.0,242.5,327.4,3.4556313993174035,9.038873102260922,-0.27863193570913647,-0.9079903147699759,2.6766595289079227
40,2012-05-01,69.94713926061145,58.47754703307288,1.5767434782608694,1.241791304347826,5505.961818181819,851.2193416109304,1816.4334831869803,15.420880480883074,,,95.9,242.4,331.2,3.0612244897959258,7.180272103261254,-1.2378663747499405,-0.7194244604316649,2.3579849946409466
41,2012-06-01,61.203141421010336,54.9387680271306,1.5673565217391303,1.2380347826086957,5610.090909090909,860.3527830147284,1834.0592064179236,15.336332012915683,,,95.5,241.8,330.6,2.8061224489796017,7.16041208759709,-13.684138701555915,-1.4898688915375446,2.4651661307609833
42,2012-07-01,65.32761873088694,57.8258815548799,1.5724380952380952,1.2611619047619047,5677.0805,870.9401838818699,1840.891241636586,15.521278754254842,,,95.6,242.1,327.9,3.152961227098426,10.848993966948733,-9.724939317024187,-2.5846702317290684,2.4520255863539413
43,2012-08-01,71.3215104620777,60.04488304514199,1.5798636363636362,1.2558272727272728,5779.29,885.6457691975718,1935.5857421040816,15.787227512923057,,,96.1,243.0,328.6,2.9224904701397736,10.96068943403406,5.687857456242271,-0.7250755287008995,2.2245762711864345
44,2012-09-01,70.532474401412,59.09841862234134,1.6025809523809524,1.2412761904761904,5803.253,884.4138324488474,2002.9833159421185,15.76363425664553,,,96.5,244.2,327.1,2.64817150063051,2.177852618525166,1.4328572976619536,-1.3867952969550696,2.6455026455026456
45,2012-10-01,69.8245733866102,56.870496226221775,1.5971454545454546,1.2373,5800.755909090909,880.2601516341654,1996.288840069653,16.44126452876154,,,97.0,245.6,327.5,3.1932773109243677,7.583514426241672,2.3635483455158353,-0.9077155824508321,2.7484143763213624
46,2012-11-01,68.8744447683891,56.20995098091258,1.5902454545454543,1.239131818181818,5740.510454545454,869.1266860434571,1990.0131690443093,16.676242089557356,,,97.2,245.6,326.9,2.976939203354295,10.483062595486262,-1.471811662306581,-1.1490777139401305,2.628811777076762
47,2012-12-01,68.15661430302066,56.73420481333755,1.6021409090909091,1.2281863636363637,5846.357,876.7970238956503,2067.5709934456204,16.30864666880396,,,97.6,246.8,323.7,3.09106098579783,9.679251152510439,-0.6273217529353435,-0.9485924112607168,2.6427061310782243
48,2013-01-01,71.27597030853988,61.17565990129481,1.575891304347826,1.1817,6300.871428571428,976.9382997298188,2319.113303271719,16.680243064656306,,,97.1,245.8,323.7,3.277310924369753,13.301285381212768,0.20982692378468926,0.030902348578481426,2.8391167192429054
49,2013-02-01,75.08603625166573,62.05032222265348,1.54586,1.1687,6375.8335,1009.38600160716,2301.6278771284337,16.88946605772838,,,97.8,247.6,324.4,3.20967069612338,10.36230222641567,-0.21886439059164275,-0.06161429451634179,2.830188679245271
50,2013-03-01,71.3949814559054,62.39093123942831,1.534309523809524,1.1787857142857143,6419.2405,1032.538725345665,2300.9148033690844,17.689553234741858,,,98.1,248.7,328.4,3.280730897009957,13.186159791909205,-9.035672156038054,0.7980356046654283,2.3958333333333304
51,2013-04-01,66.78808977286737,60.04555008846402,1.5485545454545453,1.178190909090909,6386.690454545455,1028.224924737802,2291.7045393168264,17.24482068321778,,,98.3,249.5,330.3,2.88659793814433,11.728564316754225,-11.367540544850629,0.8857666463042255,2.711157455682997
52,2013-05-01,67.47949378164175,62.694715416407874,1.5304875000000002,1.1740208333333333,6606.908695652173,1076.6867760592052,2371.2309903643118,17.365168884452487,,,98.5,250.0,335.0,3.135313531353133,12.608154287815823,-3.5278719116383908,1.1473429951690857,2.931937172774866
53,2013-06-01,66.44121192638431,62.49103913847142,1.5553750000000002,1.17432,6326.408421052632,1046.9857751346135,2290.156430955787,16.84802700313429,,,98.3,249.7,337.0,3.26716294458229,9.856952685593367,8.558499422998256,1.9358741681790612,2.8242677824267814
54,2013-07-01,69.59936838106603,66.36411876496285,1.543504761904762,1.1665666666666668,6526.791428571429,1074.640582965175,2353.596838912723,17.032202532270407,,,98.3,249.7,340.8,3.139198678232133,9.734531554633511,6.538964274476767,3.9341262580055,2.7055150884495407
55,2013-08-01,70.92345142817113,66.2445313656021,1.5573,1.172782608695652,6450.648636363636,1050.8083946853387,2373.822940609476,16.714535063600753,,,98.7,251.0,340.2,3.292181069958848,5.873783410789665,-0.558119186382367,3.5301278149726008,2.694300518134709
56,2013-09-01,70.06121791397285,64.81943871558882,1.587965,1.18752,6515.375,1056.3406624201414,2407.2550357046616,16.788783128091616,,,99.1,251.9,343.4,3.1531531531531605,6.5032520721794285,-0.6681411526230459,4.983185570162016,2.1649484536082415
57,2013-10-01,68.58752347224643,62.15719620896823,1.5956318181818183,1.1787772727272727,6584.2131818181815,1070.7357302180098,2495.0206492860475,16.816744958062586,,,99.1,251.9,346.5,2.5651465798045647,2.283768554688715,-1.7716540959217473,5.801526717557252,2.05761316872428
58,2013-11-01,67.54468534186522,59.83317989202121,1.5975173913043477,1.1882521739130434,6575.943913043478,1079.4217386216114,2478.627725047384,17.18971556409538,,,99.2,252.1,348.2,2.6465798045602607,3.079071842328079,-1.930700757001515,6.51575405322729,2.0491803278688527
59,2013-12-01,68.95323086397882,61.43663642092304,1.6054636363636363,1.1844772727272728,6557.442999999999,1088.1040149424814,2463.1367500047963,16.935917690160306,,,99.6,253.4,350.8,2.6742301458670967,3.846248153479366,1.1688030121573263,8.371949335804766,1.9567456230690072
60,2014-01-01,64.86460707196501,57.55616668465826,1.6513347826086957,1.221891304347826,6710.085,1123.0542222760507,2556.862603654996,14.835106442817729,1.071,2.1955,99.0,252.6,352.1,2.7664768104149644,-11.061808959776066,-8.99512585913783,8.77355576150758,1.738241308793459
61,2014-02-01,65.50307699252193,59.4343021906793,1.661525,1.224615,6765.8105,1133.5255579251464,2573.255676273768,13.699011450324251,1.0775,2.2245,99.5,254.2,354.8,2.665589660743132,-18.89020408637621,-12.762638351323567,9.37114673242911,1.6309887869520985
62,2014-03-01,65.2955098047408,58.79453123147414,1.6501608695652172,1.2172913043478262,6622.709130434782,1144.8335735382848,2559.8013408244246,13.615555645054746,1.113,2.2923333333333336,99.7,254.8,359.6,2.452754322476889,-23.030528445941066,-8.543277870212371,9.500609013398309,1.831129196337739
63,2014-04-01,64.85075746212688,59.07424628768561,1.6667500000000002,1.2263454545454544,6683.609,1135.2644367781609,2577.360635443076,12.3818809059547,1.044,2.186,100.1,255.7,366.2,2.484969939879755,-28.1994221140007,-2.9007152582578093,10.86890705419315,1.5228426395939088
64,2014-05-01,65.52498841235652,59.237591483958425,1.6671363636363636,1.2344681818181815,6791.5245,1145.8590760785598,2582.7581255085925,12.073847370286556,1.073,2.2135,100.0,255.9,372.1,2.3600000000000025,-30.47089002919745,-2.8964434374831742,11.074626865671648,1.9328585961342886
65,2014-06-01,66.61915259200327,60.55911061132085,1.680705,1.243785,6737.722,1150.0069911138478,2580.212416133013,11.500382280055096,1.152,2.3545,100.2,256.3,376.8,2.64317180616741,-31.740480485248252,0.267816706618954,11.810089020771516,1.6276703967446677
66,2014-07-01,64.22360280510121,59.14432540000051,1.6845086956521738,1.251686956521739,6726.353043478261,1154.2214605213237,2515.1135163674767,11.219888652864851,1.127,2.303,99.9,256.0,376.9,2.5230276331597965,-34.125438964180574,-7.7238712089049,10.592723004694825,1.5197568389057752
67,2014-08-01,62.39486199514361,56.77983879078723,1.6571190476190476,1.2491571428571429,6729.2815,1185.846635727525,2507.0683851587546,11.733465998074688,1.0779999999999998,2.2035,100.2,257.0,377.6,2.3904382470119523,-29.800823334735405,-12.025062601000167,10.993533215755448,1.2108980827447051
68,2014-09-01,60.18476117206723,56.77376220394556,1.63779,1.25942,6713.692,1201.927292265797,2548.5473471915643,13.218269741541954,1.2365714285714289,2.4987142857142857,100.3,257.6,375.8,2.262802699483929,-21.267255400871466,-14.096895594982058,9.435061153174152,1.3118062563067725
69,2014-10-01,54.35909978749612,53.10956576711842,1.619776,1.253864,6481.7396,1190.981469042633,2432.967849782752,13.771039946264176,1.068111111111111,2.247333333333333,100.4,257.7,377.7,2.302500992457317,-18.11114469175667,-20.744915349666716,9.004329004329001,0.9072580645161205
70,2014-11-01,49.66937754701961,51.597419416160726,1.6031809523809524,1.2498285714285715,6685.894285714286,1248.7043318640324,2521.590008534504,13.915043900816237,0.9912142857142856,2.1190714285714285,100.1,257.1,377.8,1.9833399444664928,-19.05017945799544,-26.46441789516521,8.500861573808164,0.5020080321285141
71,2014-12-01,39.74386343444255,43.75405711824201,1.5918523809523808,1.2612095238095238,6565.031052631579,1260.8709978491668,2479.01461500338,13.679032214640628,0.9739333333333332,1.9760714285714285,100.1,257.5,376.2,1.617995264404102,-19.230640672113765,-42.36112951278001,7.2405929304446905,0.30303030303030015
72,2015-01-01,32.81812498652698,31.737054014432232,1.5161772727272729,1.3362636363636364,6641.765238095239,1339.5036560248711,2495.6648521479906,13.09920326795902,0.8990909090909092,1.6824285714285716,99.3,255.4,375.9,1.1084718923198775,-11.701319310041956,-49.405189566451206,6.7594433399602245,0.0
73,2015-02-01,38.343255354630735,32.75920698361236,1.5333857142857146,1.3623714285714286,6746.840476190476,1356.2327995006378,2536.801725282945,13.938964817972051,0.9674761904761904,1.8564761904761904,99.5,256.7,375.0,0.9834775767112512,1.7516108262112626,-41.46342871952696,5.693348365276209,0.0
74,2015-03-01,37.8662611960376,31.63511270854179,1.5036772727272727,1.3775681818181815,6791.14,1380.4315178849429,2615.694574399803,13.821671518408907,0.9443181818181816,1.7865714285714287,99.7,257.1,377.9,0.9026687598116212,1.513826381584534,-42.00786346676429,5.088987764182412,-0.19980019980018843
75,2015-04-01,40.40937730698577,35.57204662901094,1.5129090909090908,1.3860363636363635,6886.650952380953,1381.8137844009134,2620.0844133697137,13.690118518264176,0.9718636363636364,1.8137272727272729,99.9,258.0,385.1,0.8994915917090386,10.565742169917963,-37.68865794576876,5.161114145275815,0.09999999999999432
76,2015-05-01,42.50505175153095,36.18676826728779,1.543547619047619,1.3840142857142856,6864.994500000001,1360.2165388946307,2568.111738455769,13.123987721544372,1.002,1.9742380952380951,100.1,258.5,389.3,1.0160218835482588,8.697644744476282,-35.13153869781461,4.622413329750064,0.0
77,2015-06-01,41.067581778193095,35.88547274394863,1.5523857142857145,1.3855238095238096,6687.8035,1340.9198131294074,2507.6916586472366,13.023502995389586,1.0622380952380952,2.0685714285714285,100.2,258.9,389.1,1.0144362075692417,13.244087702858465,-38.35469203623178,3.2643312101910857,0.1001001001000944
78,2015-07-01,36.72600227290628,31.989864495096683,1.5456173913043478,1.402913043478261,6625.526086956522,1353.2188807726652,2518.626150556295,13.16907272174901,1.0911739130434783,2.0521739130434784,100.0,258.6,390.2,1.0156250000000089,17.37257943630716,-42.81541260717131,3.528787476784296,0.09980039920159114
79,2015-08-01,31.19610973121891,29.152670861812865,1.5452476190476192,1.3769571428571428,6402.255,1311.027050680735,2434.9559587911235,12.478582566517307,1.0267142857142857,1.956904761904762,100.3,259.8,389.6,1.089494163424129,6.350353497976495,-50.00211758838892,3.1779661016949152,-0.09970089730807011
80,2015-09-01,31.77485542776563,30.72178739148997,1.5276086956521735,1.3646565217391304,6280.524347826087,1302.101892699587,2375.712633534159,12.59570229116266,0.9918695652173912,1.9065217391304348,100.2,259.6,390.2,0.7763975155279502,-4.709901239363499,-47.20448364508443,3.831825439063325,-0.09960159362550648
81,2015-10-01,32.150955887584864,30.493891579795143,1.5331652173913042,1.378817391304348,6458.806956521739,1339.9154349626235,2458.240836507656,12.291281463752172,0.973,1.898217391304348,100.3,259.5,392.6,0.6984866123399346,-10.745437441806525,-40.8545100760106,3.9449298384961704,0.19980019980020267
82,2015-11-01,30.159048034892173,28.998764388754296,1.523005,1.409255,6398.5115,1357.1241342643416,2446.82296674484,12.095331269431158,0.99205,1.89845,100.3,259.8,391.6,1.0501750291715242,-13.077304278417238,-39.28039865943145,3.6527263102170493,0.19980019980020267
83,2015-12-01,25.818624981523435,27.520853560594016,1.5068227272727273,1.3668136363636365,6324.1435,1363.2854659204506,2426.8432013725483,11.423042464426954,1.0277272727272726,1.9239523809523809,100.3,260.6,393.0,1.20388349514564,-16.492319886483596,-35.03745547004704,4.465709728867627,0.20140986908358796
84,2016-01-01,22.809737262284184,25.53439370392756,1.3996434782608695,1.2787869565217391,6123.662727272728,1413.405854019613,2340.610929762673,9.77359282346888,0.7887391304347825,1.5114090909090907,99.5,258.8,392.7,1.331245105716525,-25.387883342681356,-30.49652510114944,4.469273743016763,0.30150753768843935
85,2016-02-01,24.047857237234165,26.087338589084563,1.3941842105263158,1.2604157894736845,6171.272222222222,1434.1174385658048,2327.359810254761,9.383225219216838,0.718,1.3325263157894738,99.8,260.0,392.9,1.285547331515392,-32.68348588470013,-37.28269283653848,4.773333333333327,0.5015045135406219
86,2016-03-01,28.18302320169181,28.33105667364843,1.411842857142857,1.2584333333333333,6253.627368421053,1452.882655900596,2395.2698077671066,9.0689606875459,0.7688571428571429,1.381047619047619,100.2,261.1,399.5,1.5558148580318942,-34.38593389036147,-25.572205146461783,5.715797830113793,0.3003003003002974
87,2016-04-01,30.652664594462856,29.52170915174361,1.413890909090909,1.2566272727272727,6357.307727272727,1468.0040770487506,2426.2904310962244,9.15671133172162,0.7824090909090909,1.4164545454545454,100.2,261.4,403.8,1.3178294573643323,-33.11444806335661,-24.144674733298157,4.855881589197607,0.2997002997003111
88,2016-05-01,33.61015009025937,32.36383340975186,1.4176318181818182,1.2695227272727274,6305.287142857143,1461.2274311511835,2356.760056571009,9.512007022259397,0.7463636363636362,1.3602727272727273,100.4,262.1,407.7,1.39264990328821,-27.521975606206478,-20.926692933508086,4.726432057539167,0.3992015968063787
89,2016-06-01,35.85347860999223,33.84145346294205,1.3925363636363637,1.2447136363636364,6262.087727272727,1497.3449363163356,2335.1946595967675,10.313097748385877,0.6766363636363636,1.2079545454545455,100.6,263.1,408.9,1.6222479721900522,-20.811645284400154,-12.696396871776743,5.088666152659973,0.5999999999999943
90,2016-07-01,34.979696245814864,32.96363872431442,1.3303363636363637,1.201240909090909,6630.369545454546,1608.5907870190038,2481.757122369671,10.837997225582049,0.5686363636363636,1.0195454545454543,100.6,263.4,410.4,1.8561484918793325,-17.701136180356418,-4.7549581196309765,5.176832393644283,0.5982053838484632
91,2016-08-01,35.3906591577972,33.70312122734778,1.3325304347826086,1.1916739130434784,6658.116818181818,1603.181916066849,2513.3108342302567,9.386618285754288,0.5273913043478261,0.9418695652173912,100.9,264.4,411.2,1.770592763664344,-24.778169029064383,13.445745199378742,5.544147843942496,0.8982035928143627
92,2016-09-01,35.65048263938914,33.53674851297672,1.3251,1.1861,6681.491363636364,1607.6954740980098,2522.149366525895,10.132168412675544,0.5105909090909091,0.964,101.1,264.9,411.0,2.041602465331261,-19.558527357506453,12.197151362133008,5.330599692465405,0.8973080757726876
93,2016-10-01,40.40034202932408,37.170194031258845,1.27196,1.15244,6784.034,1663.0420767948676,2624.813005449308,12.497444888204033,0.6186,1.13355,101.2,264.8,410.8,2.042389210019272,1.6773143228381062,25.658291997858534,4.6357615894039705,1.096709870388842
94,2016-11-01,36.390690549305376,33.94692962598968,1.2937,1.1929227272727272,6618.945454545454,1649.7697633586945,2519.838212488045,12.435263198577724,0.6702727272727272,1.3396818181818182,101.4,265.5,408.8,2.193995381062351,2.8104391816508953,20.662596867127814,4.392236976506636,1.595214356929221
95,2016-12-01,42.77816511331943,38.042859460859134,1.2837434782608697,1.197404347826087,6796.544285714285,1706.5102185400835,2631.6465325359563,12.452421029916872,0.649695652173913,1.3105,101.9,267.1,410.7,2.49424405218726,9.011422033101555,65.68723215869451,4.503816793893127,1.909547738693473
96,2017-01-01,43.919237485997066,41.37892600792839,1.2624904761904765,1.1549476190476191,7262.714999999999,1861.898401873847,2915.2511554842727,15.273382543196927,0.666052380952381,1.359395238095238,101.4,265.5,409.4,2.5888717156105057,56.271934170632264,92.54600340626176,4.252610134963073,2.304609218436871
97,2017-02-01,44.43478985395118,41.71885215295164,1.260195,1.166255,7319.083684210526,1895.0219785209608,2901.7436152470946,14.172827471771807,0.620675,1.265775,102.1,268.4,410.6,3.230769230769222,51.04430662866183,84.77650385062663,4.50496309493511,2.2954091816367237
98,2017-03-01,41.89800020110098,39.47639490682899,1.253966666666667,1.1528833333333333,7357.747916666667,1898.6645710943935,2998.3270206583497,12.974660410962546,0.6409958333333333,1.259625,102.5,269.3,413.6,3.1405591727307494,43.06667387785915,48.66396660591709,3.529411764705888,2.6946107784431166
99,2017-04-01,41.96654569929708,39.54456687640259,1.282425,1.1669,7274.406111111111,1865.054371944696,3001.13834375982,12.85975138247201,0.593785,1.178675,102.9,270.6,414.3,3.5195103289977223,40.440720653952894,36.90994324479699,2.6002971768202077,2.8884462151394334
100,2017-05-01,39.77265334650672,38.58936323901202,1.292104761904762,1.1528809523809525,7446.075999999999,1868.6282809148604,3087.3013775014974,12.502856174127118,0.5782666666666666,1.1805857142857143,103.3,271.7,416.4,3.6627241510873576,31.442882084387925,18.335244679652067,2.1339220014716673,2.683896620278333
101,2017-06-01,37.17608667005237,37.02991905405625,1.2791458333333334,1.1391208333333334,7407.605416666666,1904.3215687551915,3081.732622746343,12.544341113047444,0.6097291666666667,1.201733333333333,103.3,272.3,421.5,3.496769289243629,21.63504525117862,3.6889253465395537,3.08143800440206,2.5844930417495116
102,2017-07-01,37.88315446701976,37.71573319505854,1.2973727272727271,1.130131818181818,7403.319090909091,1896.781607584559,3082.6283337824634,12.210866716651134,0.6201909090909091,1.2708090909090908,103.2,272.9,422.3,3.60668185269552,12.667188065231825,8.300410045877046,2.8996101364522504,2.874132804757177
103,2017-08-01,40.22659494215272,37.64655701182327,1.2894454545454546,1.1084136363636363,7382.190476190476,1901.9412855420585,3124.2053549093503,12.925453037128952,0.5813272727272727,1.1831318181818182,103.8,274.7,419.9,3.895612708018159,37.70084862985659,13.664441124968638,2.1157587548638106,2.967359050445104
104,2017-09-01,42.12837154173052,38.37052990662311,1.3177523809523808,1.136995238095238,7333.500952380952,1876.191061258709,3096.748321599538,13.08866468156457,0.7269666666666666,1.3421333333333334,104.1,275.1,420.5,3.850509626274083,29.17930445362901,18.170550362154593,2.3114355231143553,2.9644268774703555
105,2017-10-01,44.33010950754809,39.70129221003919,1.30045,1.1329772727272729,7453.684090909091,1924.5970800317373,3141.5871296463465,13.5486317673253,0.7553090909090909,1.3506727272727272,104.2,275.3,421.1,3.965256797583081,8.411214360412597,9.727064873291507,2.507302823758523,3.1558185404339136
106,2017-11-01,47.84365411291802,41.49024720222013,1.3139863636363636,1.128490909090909,7393.842272727273,1934.11190328759,3138.143055085633,14.337875375764936,0.7635045454545455,1.3696,104.6,275.8,418.9,3.879472693032019,15.300135966601994,31.47223476865639,2.4706457925635923,2.944062806673209
107,2017-12-01,48.560852058708925,41.7421634844352,1.3198285714285714,1.1339714285714286,7506.967368421053,1959.5029657531284,3124.359792120579,14.302575180645473,0.7331000000000001,1.26425,104.9,278.1,421.2,4.118307749906402,14.857786660791634,13.517847084069981,2.556610664718773,2.9585798816568047
108,2018-01-01,50.05801927011476,47.35147616655462,1.3799714285714284,1.1352761904761903,7599.9395,2031.9348989463665,3141.4346833998857,14.010652394459514,0.9449238095238096,1.498190476190476,104.4,276.0,422.4,3.954802259887006,-8.267521259066863,13.977432522763966,3.1753786028334146,2.7424094025465346
109,2018-02-01,47.80648345368591,46.56787365577433,1.3749285714285715,1.1306761904761904,7319.265499999999,1981.8742272325835,3023.4416615426085,14.545264689074756,1.0366619047619048,1.6137142857142857,104.9,278.1,419.7,3.614008941877812,2.6278258028945625,7.5879589187140315,2.2162688748173323,2.4390243902439024
110,2018-03-01,48.51254511594206,46.96014436471923,1.3753045454545454,1.134509090909091,7196.056666666666,1967.9859336940249,2983.1480404591725,14.67207499259904,1.0757318181818185,1.5480136363636363,105.0,278.3,422.2,3.341997772001485,13.082535710933248,15.787256869284347,2.0793036750483473,2.4295432458697763
111,2018-04-01,52.23507986940276,48.723387260363936,1.373835,1.139405,7392.507,1966.0274839562628,3035.5690031200497,15.218785370877868,1.094475,1.568275,105.4,279.7,424.9,3.3628972653362768,18.34432033904829,24.468380704199046,2.558532464397771,2.420135527589545
112,2018-05-01,57.50957701489367,50.73532127561848,1.339020833333333,1.137254166666667,7569.548260869565,2041.175044518906,3046.6053103051577,16.49729178321548,1.0275999999999998,1.6095625,105.8,280.7,426.1,3.312476996687523,31.948184906375865,44.59577668570308,2.329490874159473,2.420135527589545
113,2018-06-01,57.15918138332787,50.15139022412596,1.3285954545454546,1.134195454545455,7484.365454545455,2068.4957798905884,2993.604998336826,16.359552637611145,1.0474363636363635,1.6392136363636365,105.8,281.5,429.8,3.378626514873297,30.41380563699337,53.75255037097036,1.9691577698695162,2.5193798449612346
114,2018-07-01,56.78885075020951,50.855988310212325,1.3198333333333334,1.1257190476190475,7539.905499999999,2114.566774304115,3054.8170270007317,16.76158605884581,1.0711380952380951,1.5457,105.8,281.7,432.9,3.224624404543793,37.26778326053767,49.905285209679775,2.510063935590804,2.6011560693641647
115,2018-08-01,56.61936051686719,51.18898790176057,1.3041782608695651,1.1205260869565217,7515.256363636364,2169.0526435103234,3051.270172007714,18.001582629984323,1.0753434782608695,1.554304347826087,106.5,284.2,428.4,3.458318165271205,39.27235338114617,40.751064310284896,2.0242914979757085,2.4015369836695486
116,2018-09-01,59.62235812185747,51.85635791370134,1.3268428571428572,1.127495238095238,7408.934761904762,2142.823099588353,3022.1886693640345,18.939516288217288,1.1113238095238096,1.620142857142857,106.6,284.1,428.7,3.2715376226826605,44.701669337542604,41.52542797149936,1.950059453032102,2.399232245681382
117,2018-10-01,61.72924591375866,51.80424210165586,1.3061809523809524,1.1305476190476191,7168.418571428572,2096.801653675929,2885.432681170103,18.683147525683744,1.1044238095238097,1.607804761904762,106.7,284.5,428.0,3.341808935706498,37.89693193036032,39.2490264506295,1.6385656613630912,2.294455066921612
118,2018-11-01,50.691431007134426,44.86067729259981,1.300990909090909,1.1298545454545454,7149.529545454545,2088.123005807428,2872.8291654597533,18.60033261360222,1.1234272727272727,1.5802409090909089,107.0,284.6,427.0,3.1907179115300983,29.728653138121437,5.952256254288686,1.9336357125805737,2.0972354623450795
119,2018-12-01,44.44452448360779,42.17931750791551,1.2976739130434782,1.1200782608695652,7007.418571428572,2015.548374028933,2842.4089524948163,17.86273097348098,1.1207380952380952,1.5157380952380952,107.1,285.6,423.5,2.6968716289104635,24.891711792245488,-8.476637868966113,0.5460588793922154,1.8199233716475014
120,2019-01-01,46.60570180937499,42.191478899070816,1.2925652173913045,1.1399347826086956,7037.509545454545,2121.6414948366914,2837.840178777304,15.390906185879109,1.0550636363636363,1.3407045454545454,106.3,283.0,422.8,2.536231884057971,9.851459821852501,-6.89663217018426,0.09469696969697777,1.8112488083889335
121,2019-02-01,50.059241476025655,43.49597654339692,1.287105,1.14337,7212.394999999999,2191.5927604973954,2898.8428942512046,13.40788276106182,0.96902,1.23451,106.8,285.0,421.5,2.481121898597618,-7.819602821440892,4.712243736819046,0.4288777698355996,1.9047619047619049
122,2019-03-01,51.52441368000672,44.45819164162277,1.3008904761904765,1.1557285714285714,7234.374761904762,2180.797036462204,2912.6426125758644,11.597926078396656,0.9453190476190476,1.1944142857142857,107.0,285.1,425.1,2.44340639597557,-20.9523800536261,6.208432389738514,0.6868782567503634,2.0872865275142205
123,2019-04-01,55.55597525898641,46.837266038421,1.289304545454545,1.1491681818181818,7340.229499999999,2247.530663112954,3000.9819751045225,12.095237311791692,0.9668619047619048,1.230309523809524,107.6,288.2,428.7,3.038970325348588,-20.524292727481967,6.357596078892752,0.8943280771946368,1.9848771266540726
124,2019-05-01,55.17931334548568,46.12693980042486,1.2740833333333332,1.1392875,7274.922608695652,2246.048565749175,2974.931335008357,10.719471515468635,0.910125,1.1562083333333333,107.9,289.2,428.8,3.028143925899537,-35.022840983059176,-4.051957587524084,0.6336540718141255,1.9848771266540726
125,2019-06-01,49.584098605009686,44.13628193985063,1.271335,1.12936,7344.891052631578,2297.683930671302,3044.2529397180706,9.364866343600369,0.8576750000000001,1.042025,107.9,289.6,431.9,2.877442273534644,-42.755975355522644,-13.25260893349266,0.488599348534194,1.9848771266540726
126,2019-07-01,51.26285590183947,44.61753681697572,1.252657142857143,1.1189380952380952,7411.195238095238,2345.4375080780665,3076.576005311158,13.086467623109732,0.7865,0.9957142857142858,107.9,289.5,434.2,2.7689030883919106,-21.9258393736347,-9.730774219532261,0.30030030030030297,1.7840375586854516
127,2019-08-01,48.06285798208253,44.97927934255812,1.238,1.1117565217391303,7182.645,2325.247594296552,3025.5201326533806,13.769328409877682,0.7651130434782608,0.8302173913043478,108.4,291.7,431.1,2.638986629134412,-23.510456314308666,-15.112326343275525,0.6302521008403468,1.7823639774859341
128,2019-09-01,49.80222345836526,45.97702068458211,1.25069,1.12946,7304.19,2364.374465295157,3089.1943937810984,11.011699319753273,0.78829,0.846575,108.5,291.0,429.6,2.4287222808870035,-41.85860318616528,-16.470557309091333,0.20993701889433966,1.4995313964386077
129,2019-10-01,46.51083353436111,43.50522042791555,1.2821136363636365,1.1502363636363635,7253.390454545454,2319.7656568521443,3077.100358819532,11.933976717625876,0.8203181818181818,0.9522681818181818,108.3,290.4,429.6,2.0738137082600976,-36.124377858601044,-24.65348823580163,0.3738317757009399,1.4018691588785046
130,2019-11-01,48.74296805436402,44.19694660381643,1.2865347826086957,1.158291304347826,7305.7591304347825,2349.7774762184044,3094.163066285796,12.310199626228863,0.8357304347826088,1.0027608695652177,108.5,291.0,430.4,2.248770203794791,-33.81731455045836,-3.843771844784131,0.796252927400463,1.3071895424836655
131,2019-12-01,50.33062259412911,45.70225730008236,1.2949136363636364,1.1602545454545454,7446.514,2391.8083423638373,3121.7938461779545,10.915356860505888,0.83057,1.0258,108.5,291.9,429.5,2.20588235294116,-38.89312403175733,13.243696898348528,1.4167650531286895,1.7873941674506166
132,2020-01-01,49.02197669103788,37.43463375615964,1.2988608695652173,1.1608434782608696,7036.697727272727,2497.2688283314988,3060.333105885253,7.781993829801608,0.51385,0.6963409090909091,108.2,290.6,430.7,2.685512367491174,-49.437715129850815,5.184504873557852,1.8684957426679225,1.6853932584269637
133,2020-02-01,42.94398982638505,35.96527700984187,1.2918571428571428,1.1640142857142857,6796.644285714286,2501.024604666593,3019.880708386004,7.418629510855543,0.5069380952380952,0.6493095238095238,108.6,292.0,431.1,2.456140350877193,-44.66964215707362,-14.213662532318308,2.2775800711743828,1.495327102803733
134,2020-03-01,27.21175683509856,25.801735744174167,1.239504347826087,1.1118217391304348,5813.382173913044,2243.0531169860706,2631.2835573422385,6.975789761685947,0.4303260869565217,0.6192391304347826,108.6,292.6,438.0,2.630655910206945,-39.853127925347934,-47.186673478522906,3.034580098800277,0.8364312267658045
135,2020-04-01,21.072957183448857,17.991583642053016,1.2637727272727273,1.139631818181818,6002.315714285714,2370.656763658598,2666.200692522591,5.995653089851558,0.391390909090909,0.5272045454545454,108.5,292.6,444.7,1.5267175572519205,-50.42963659748641,-62.0689636259419,3.732213669232564,0.5560704355885026
136,2020-05-01,25.990237003163195,28.04783553327943,1.24708,1.123495,6134.46,2450.2885055278607,2722.79271380825,4.950511763901527,0.29388,0.456275,108.5,292.2,436.7,1.0373443983402488,-53.81757620459426,-52.89858567025916,1.8423507462686513,0.6487488415199153
137,2020-06-01,32.3382862510867,31.46216367289593,1.2608190476190475,1.1183190476190477,6267.593333333333,2475.3191425075165,2906.0933288481438,5.429803755684135,0.2776428571428571,0.4562857142857143,108.6,292.7,431.7,1.0704419889502643,-42.019420710743205,-34.78093348293836,-0.04630701551284756,1.112140871177005
138,2020-07-01,33.762927155091894,31.98666387415588,1.280166666666667,1.1126875,6244.11,2520.160305213881,2990.6761032784734,5.2914659549537815,0.1947583333333333,0.4066458333333333,109.1,294.2,440.7,1.6234887737478374,-59.565360895330954,-34.13763911292275,1.4970059880239521,0.1845018450184397
139,2020-08-01,34.536521214999354,31.706149884016146,1.3035476190476192,1.117147619047619,6163.494210526315,2569.477068074302,2952.475053388519,6.921193465682141,0.1793333333333333,0.4585,108.6,293.3,447.1,0.5485087418580812,-49.73470557418693,-28.143013826031087,3.711435861749014,0.552995391705064
140,2020-09-01,32.48822979668847,30.81448043589427,1.2888863636363637,1.1062454545454543,6078.5995454545455,2558.41371162561,2949.601847362496,8.55671739168768,0.1459318181818181,0.4316818181818181,109.1,294.3,451.1,1.134020618556705,-22.2943058721349,-34.76550334374391,5.004655493482309,0.738688827331484
141,2020-10-01,32.04153278712722,31.66631276663944,1.2959458333333334,1.114825,6064.609130434783,2604.212440105507,2912.9028829831936,9.773120493803068,0.1668583333333333,0.4586874999999999,109.1,294.3,454.5,1.342975206611582,-18.10675749544017,-31.10952792652988,5.796089385474855,0.3686635944700513
142,2020-11-01,33.50959267330052,31.420305942156023,1.3124600000000002,1.12065,6341.776,2629.6039498346613,3040.355151028421,9.288854517471009,0.1530699999999999,0.48945,108.9,293.5,458.3,0.859106529209622,-24.543429030349696,-31.252457511560255,6.482342007434952,0.6451612903225833
143,2020-12-01,37.84828191038488,33.59401580568057,1.3268285714285717,1.1124714285714286,6403.94052631579,2653.8481125777903,3079.2651496667654,10.773414133537942,0.13911,0.462725,109.2,295.4,460.7,1.1990407673860912,-1.3003947445962576,-24.800688011358428,7.26426076833527,0.7393715341959308
144,2021-01-01,40.39283503436454,43.31893446891622,1.3695869565217391,1.1416000000000002,6786.072272727272,2917.1697350231025,3291.9271994648657,22.762005220696352,0.2714499999999999,0.6430454545454546,109.0,294.6,458.3,1.3764624913971093,192.4958014426573,-17.60259834289976,6.408172742047835,0.46040515653775327
145,2021-02-01,44.823467246460254,46.538851978394106,1.389484210526316,1.1590263157894736,6805.605,2937.920902560007,3316.74762290388,20.579379028273355,0.3387166666666666,0.9003529411764706,109.1,296.0,461.0,1.36986301369863,177.40135827190093,4.376578486706985,6.935745766643464,0.7366482504604157
146,2021-03-01,47.57874879906731,46.02678694584678,1.3809142857142858,1.1648333333333334,6822.1405,2946.776117961874,3363.152300553932,20.154943929487708,0.3665285714285714,0.9956333333333334,109.4,296.9,463.1,1.4695830485304011,188.9270551154992,74.84629561917437,5.730593607305941,1.474654377880179
147,2021-04-01,47.21342433185961,46.172115987924215,1.3836863636363637,1.1536,6927.348181818182,3005.0707760232053,3441.960739503216,19.93653317389976,0.3292227272727273,0.9307909090909092,110.1,301.1,476.4,2.90498974709501,232.5164560912472,124.04745532792157,7.128401169327635,2.1198156682027625
148,2021-05-01,48.81230402208208,46.72926823722768,1.399422727272727,1.1601727272727274,6982.522999999999,2971.50276250272,3437.4967677226746,23.30425207796721,0.3407904761904762,1.011014285714286,110.8,301.9,484.4,3.319644079397669,370.7443025971318,87.81015354396837,10.922830318296311,2.48618784530387
149,2021-06-01,53.01341585073087,50.82582215971029,1.384709523809524,1.163757142857143,7082.197142857143,3069.701570554594,3506.2834251950785,26.956315403952694,0.4060428571428571,0.9669761904761904,111.3,304.0,489.6,3.860608131192351,396.4510066451987,63.933906203670276,13.412091730368319,2.0164986251145764
150,2021-07-01,53.90948130850369,50.76454717566114,1.3781181818181818,1.1648772727272727,7035.095454545455,3149.7677993047173,3481.896649276357,29.01387267222101,0.4412318181818182,0.8391727272727273,111.3,305.5,487.2,3.840924541128489,448.31445424039265,59.67063833318561,10.551395507147719,3.2228360957642725
151,2021-08-01,51.38370601985998,49.10812728908716,1.372295652173913,1.164091304347826,7075.450454545455,3188.928422066484,3524.197265267553,33.26128601333907,0.481404347826087,0.8809826086956521,112.1,307.4,496.4,4.807364473235584,380.57153984007135,48.78078107514726,11.026615969581737,3.0247479376718713
152,2021-09-01,54.60333308929033,51.83928673341915,1.3712782608695653,1.1659217391304346,7027.244347826087,3188.2940068612597,3517.402167346604,44.649073856826696,0.5666130434782609,0.9581869565217392,112.4,308.6,496.2,4.858987427794771,421.8014317055802,68.07112431486203,9.99778319663045,4.124656278643447
153,2021-10-01,60.82206467231541,56.24623897630988,1.376904761904762,1.1770238095238097,7149.88619047619,3226.5433166176726,3514.175786386164,51.97043057236728,0.8720666666666668,1.1410333333333331,113.6,312.0,499.3,6.014271151885827,431.7690558028077,89.82258144888394,9.85698569856986,5.142332415059682
154,2021-11-01,59.653693388286456,53.47717766912605,1.355315,1.1751,7133.960499999999,3296.180320869279,3541.416049697898,51.55056204646152,0.8415549999999999,1.088825,114.5,314.3,504.1,7.086882453151622,454.97221912026157,78.01975085127432,9.993454069386868,5.402930402930394
155,2021-12-01,55.37373194999224,52.49447426163235,1.3508916666666666,1.1731375,7169.911363636363,3334.5666214558773,3521.7269927864386,67.30049793150091,0.8698782608695652,1.0582375,115.1,317.7,508.3,7.549085985104948,524.6905307574929,46.30447976767659,10.332103321033216,5.412844036697253
156,2022-01-01,64.72703827569377,68.60477846406796,1.32205,1.192165,7462.045999999999,3308.798337510127,3397.992308111713,78.46620778336674,1.894164705882353,1.725929411764706,114.9,317.7,509.8,7.841140529531557,244.72449602999538,60.243860626833225,11.23718088588261,6.141154903758023
157,2022-02-01,71.24805704385626,72.4384711997114,1.3207588235294117,1.1930941176470586,7475.33,3264.1273510326064,3303.366925344877,79.20951562307468,2.23009375,1.86682,115.8,320.2,519.1,8.175675675675672,284.89750110657496,58.95257868406595,12.603036876355752,7.0383912248628775
158,2022-03-01,86.00064500899354,79.20318115775788,1.3077,1.190955,7425.606111111111,3386.7523132216866,3266.6167067605406,85.36079818725524,2.1865315789473683,1.899921052631579,117.1,323.5,529.3,8.959245537217928,323.5228760044728,80.75432242278599,14.29496868926796,8.991825613079024
159,2022-04-01,82.29471386004374,78.88440402455063,1.287045,1.19454,7475.8422222222225,3390.6424751616646,3202.490777481988,86.61313318493137,2.365978947368421,2.0851,120.0,334.6,533.9,11.12587180338758,334.44430598556806,74.3036329701493,12.069689336691857,9.025270758122744
160,2022-05-01,89.74826655906894,85.12866597474778,1.2474842105263158,1.1780736842105264,7472.767777777778,3274.256695953268,3179.554466454804,81.0731704229987,2.538121052631579,2.240542105263158,120.8,337.1,538.4,11.659489897317007,247.89003376619232,83.86402436252125,11.147811725846408,9.433962264150944
161,2022-06-01,95.25144225958267,87.836564944626,1.2336105263157895,1.167757894736842,7238.1884210526305,3172.340166316342,3058.969505214672,96.74639270263582,2.9335631578947368,2.6265578947368424,121.8,340.0,541.8,11.842105263157894,258.9006555712342,79.67422157398954,10.661764705882339,10.06289308176101
162,2022-07-01,85.3638706113907,80.41550382295998,1.2314789473684211,1.1845894736842106,7303.865263157895,3298.6892098076337,3082.959230823914,128.6886542069655,2.700778947368421,2.302257894736842,122.5,343.2,541.0,12.340425531914889,343.5418038150314,58.346673979082375,11.042692939244667,
163,2022-08-01,80.65654071702448,78.91333145128016,1.2118157894736843,1.1817315789473684,7453.987222222222,3446.779300310538,3131.4578517697046,180.08214679532188,3.368888888888889,2.6885,,,546.1,,441.41666898598555,56.969099671110634,10.012087026591468,
164,2022-09-01,73.4741673346851,80.70605617641975,1.27242,1.1804,7403.016,3300.260920136433,3208.537783802101,93.34182109680768,2.47534,2.15594,,,,,109.05656721149664,34.5598577554527,,
